nprod,R,l_sales
1,1,13.718061
2,1,14.331665
3,1,14.751664
4,1,14.88454
5,1,14.961099
6,1,14.889136
7,1,15.530287
8,1,15.156197
9,1,16.246628
10,1,16.128088
11,1,15.507785
12,1,15.254521
13,1,15.226782
14,1,16.124807
15,1,16.065086
16,1,15.485025
17,1,15.39947
18,1,16.636742
19,1,15.311635
20,1,16.768635
21,1,14.924453
22,1,15.848024
23,1,17.649693
24,1,16.63179
25,1,18.225225
26,1,17.512663
27,1,16.666933
28,1,15.739277
29,1,16.669659
30,1,14.878213
31,1,15.980554
32,1,14.366118
33,1,13.48015
34,1,12.403439
35,1,14.785949
36,1,18.080822
37,1,14.977372
38,1,15.55805
39,1,19.244101
40,1,16.447142
41,1,16.227728
42,1,19.268135
43,1,13.473639
44,1,16.287119
45,1,15.639053
46,1,13.636704
47,1,13.117345
48,1,13.664189
49,1,14.659472
50,1,12.554586
51,1,13.65018
52,1,13.924187
53,1,13.052928
55,1,13.611613
56,1,13.34055
58,1,13.659523
60,1,13.909906
63,1,20.246613
64,1,21.319283
68,1,14.451044
72,1,14.358685
73,1,14.357488
86,1,14.030948
91,1,13.793056
93,1,13.695878
95,1,16.176178
104,1,14.513864
110,1,13.715149
112,1,15.078977
139,1,15.048515
175,1,14.403804
2,2,11.89986
3,2,12.603345
4,2,13.068871
5,2,13.518631
6,2,13.499929
7,2,13.937532
8,2,13.663989
9,2,15.17221
10,2,14.215642
11,2,14.361811
12,2,13.885124
13,2,13.757852
14,2,15.211685
15,2,14.873011
16,2,14.049264
17,2,14.459982
18,2,14.684876
19,2,14.736186
20,2,14.124636
21,2,13.686267
22,2,14.314208
23,2,16.111338
24,2,14.096938
25,2,15.872097
26,2,16.301594
27,2,15.869102
28,2,13.907354
29,2,16.491707
30,2,14.379365
31,2,14.152796
32,2,14.038751
33,2,13.264418
34,2,11.904183
35,2,13.361492
36,2,17.407488
37,2,13.883255
38,2,14.333272
39,2,18.933218
40,2,14.581858
41,2,15.837811
42,2,17.151518
43,2,13.315464
44,2,14.859828
45,2,13.029728
46,2,13.177694
47,2,12.265878
48,2,13.179296
49,2,14.481782
50,2,11.569363
51,2,13.005418
52,2,13.251963
53,2,12.850741
55,2,13.568506
56,2,13.081852
58,2,13.484776
60,2,12.984291
63,2,17.818401
64,2,18.656101
68,2,13.818943
72,2,14.229199
73,2,13.449307
86,2,13.571617
91,2,13.07167
93,2,12.659702
95,2,15.778238
104,2,14.335967
110,2,13.102561
112,2,13.416709
139,2,14.858776
175,2,14.307818
3,3,10.936743
4,3,11.599697
5,3,12.322929
6,3,12.495772
7,3,12.608712
8,3,12.728207
9,3,14.323564
10,3,13.013033
11,3,13.480766
12,3,13.059045
13,3,12.826759
14,3,14.268275
15,3,14.297208
16,3,13.291745
17,3,14.235562
18,3,13.324134
19,3,14.146951
20,3,13.494295
21,3,12.925714
22,3,13.247156
23,3,14.182047
24,3,12.933752
25,3,15.589762
26,3,14.343461
27,3,14.844967
28,3,13.468821
29,3,15.159797
30,3,14.157665
31,3,13.524603
32,3,13.952546
33,3,12.798533
34,3,11.826458
35,3,13.191136
36,3,13.961577
37,3,13.480161
38,3,13.924572
39,3,17.015375
40,3,14.057851
41,3,15.172104
42,3,15.532526
43,3,13.05233
44,3,13.54539
45,3,12.721502
46,3,13.170927
47,3,12.238801
48,3,12.918024
49,3,13.911858
50,3,11.520944
51,3,12.962738
52,3,12.618418
53,3,12.533537
55,3,13.035591
56,3,12.912889
58,3,12.631534
60,3,12.359939
63,3,17.537863
64,3,18.316904
68,3,12.988317
72,3,13.390434
73,3,13.086403
86,3,13.187214
91,3,12.840907
93,3,12.244495
95,3,14.191709
104,3,14.08075
110,3,12.881048
112,3,13.26112
139,3,14.50241
175,3,14.189379
4,4,10.215017
5,4,11.354466
6,4,11.612249
7,4,11.746678
8,4,11.8265
9,4,13.154014
10,4,12.216845
11,4,12.932818
12,4,12.550648
13,4,12.149069
14,4,13.647597
15,4,13.555227
16,4,12.634144
17,4,13.843749
18,4,12.789742
19,4,13.350685
20,4,13.056272
21,4,12.043004
22,4,12.781155
23,4,13.958397
24,4,12.460799
25,4,12.868144
26,4,13.323262
27,4,14.42166
28,4,13.340846
29,4,14.475565
30,4,14.143224
31,4,13.434063
32,4,13.524053
33,4,12.160295
34,4,11.676243
35,4,13.0629
36,4,12.907356
37,4,12.891682
38,4,13.704554
39,4,16.38279
40,4,12.906391
41,4,14.613126
42,4,15.430107
43,4,12.877689
44,4,13.39391
45,4,12.159809
46,4,13.071087
47,4,11.760028
48,4,12.802115
49,4,13.763923
50,4,11.06795
51,4,12.207029
52,4,12.234159
53,4,12.512818
55,4,12.902609
56,4,12.492949
58,4,12.440846
60,4,12.07378
63,4,17.001581
64,4,17.872519
68,4,12.742291
72,4,13.134462
73,4,13.028499
86,4,12.21009
91,4,12.421124
93,4,12.200874
95,4,13.947932
104,4,14.016168
110,4,12.746307
112,4,12.819223
139,4,14.07487
175,4,13.803438
5,5,9.8212929
6,5,10.380151
7,5,10.539194
8,5,11.098937
9,5,12.742371
10,5,11.551836
11,5,12.305837
12,5,11.794136
13,5,11.556314
14,5,12.86045
15,5,12.897492
16,5,12.087628
17,5,13.022151
18,5,11.781067
19,5,12.840769
20,5,12.692551
21,5,11.781161
22,5,12.486994
23,5,13.692652
24,5,12.115046
25,5,12.381882
26,5,12.900258
27,5,14.02174
28,5,13.24973
29,5,14.156453
30,5,13.618371
31,5,12.490755
32,5,13.169513
33,5,11.838667
34,5,11.623563
35,5,12.954104
36,5,12.608708
37,5,12.705705
38,5,13.459209
39,5,15.882725
40,5,11.474892
41,5,14.562023
42,5,15.178843
43,5,12.614301
44,5,13.13903
45,5,11.735873
46,5,12.948515
47,5,11.269821
48,5,12.728691
49,5,13.324718
50,5,10.820718
51,5,12.134794
52,5,12.188107
53,5,11.925472
55,5,12.443561
56,5,12.308607
58,5,12.121465
60,5,11.976961
63,5,16.070621
64,5,16.681581
68,5,12.54415
72,5,13.122357
73,5,12.929645
86,5,12.024305
91,5,12.34722
93,5,11.957611
95,5,13.884807
104,5,13.923272
110,5,12.144654
112,5,12.693511
139,5,13.97876
175,5,13.727736
6,6,9.279089
7,6,9.4977608
8,6,10.389394
9,6,12.287782
10,6,11.108804
11,6,11.503056
12,6,11.370297
13,6,11.130688
14,6,12.191069
15,6,12.416244
16,6,11.588933
17,6,12.179939
18,6,11.362988
19,6,12.573311
20,6,12.330087
21,6,11.401071
22,6,12.217446
23,6,13.142208
24,6,11.744013
25,6,11.667619
26,6,12.707935
27,6,13.808618
28,6,12.906883
29,6,13.561168
30,6,12.984615
31,6,12.428076
32,6,12.561495
33,6,11.625948
34,6,11.328258
35,6,12.629196
36,6,12.267989
37,6,12.110029
38,6,13.197895
39,6,15.181377
40,6,10.286263
41,6,14.073105
42,6,14.772502
43,6,12.442606
44,6,12.771386
45,6,11.581028
46,6,12.645939
47,6,11.177271
48,6,12.518239
49,6,13.170995
50,6,10.563725
51,6,12.005751
52,6,12.169477
53,6,11.877701
55,6,12.058378
56,6,12.263266
58,6,11.813445
60,6,11.04329
63,6,15.480126
64,6,16.238293
68,6,12.420776
72,6,12.559806
73,6,12.412302
86,6,11.986604
91,6,12.19875
93,6,11.440279
95,6,13.880501
104,6,13.872406
110,6,11.876164
112,6,12.639354
139,6,13.931735
175,6,13.470753
7,7,8.1300611
8,7,9.584404
9,7,11.8849
10,7,10.437089
11,7,10.893464
12,7,10.984678
13,7,10.523155
14,7,11.597969
15,7,11.937414
16,7,11.056931
17,7,11.764446
18,7,11.103945
19,7,11.832902
20,7,11.678864
21,7,11.13683
22,7,11.871396
23,7,13.057656
24,7,11.527116
25,7,11.405922
26,7,12.300362
27,7,13.239057
28,7,12.76194
29,7,13.172811
30,7,12.749246
31,7,12.262722
32,7,11.976822
33,7,11.52564
34,7,11.310858
35,7,12.449533
36,7,11.961494
37,7,12.068424
38,7,12.929193
39,7,13.795113
40,7,10.24768
41,7,13.951706
42,7,14.679556
43,7,12.021771
44,7,12.535335
45,7,11.20826
46,7,12.473722
47,7,10.887437
48,7,12.434485
49,7,13.044556
50,7,10.347629
51,7,11.857656
52,7,12.088859
53,7,11.866669
55,7,12.010106
56,7,12.172443
58,7,11.777422
60,7,10.336698
63,7,15.091313
64,7,16.22319
68,7,12.207122
72,7,12.380366
73,7,12.320985
86,7,11.940171
91,7,12.036351
93,7,11.247357
95,7,13.694324
104,7,13.674458
110,7,11.828327
112,7,12.331771
139,7,13.910892
175,7,13.415752
8,8,8.3655739
9,8,11.131797
10,8,9.5818548
11,8,10.362381
12,8,10.288988
13,8,9.9095449
14,8,11.288107
15,8,11.545887
16,8,10.656693
17,8,11.018023
18,8,10.923185
19,8,11.61035
20,8,11.185053
21,8,10.916657
22,8,11.527721
23,8,12.937187
24,8,11.312248
25,8,10.484352
26,8,12.029011
27,8,12.958565
28,8,12.18516
29,8,12.931249
30,8,11.408736
31,8,11.695639
32,8,11.836052
33,8,11.359908
34,8,11.068294
35,8,12.243005
36,8,11.917346
37,8,11.989458
38,8,12.41492
39,8,11.286025
40,8,10.12527
41,8,13.896622
42,8,13.371713
43,8,11.95846
44,8,12.281736
45,8,10.920238
46,8,12.364593
47,8,10.632846
48,8,12.351768
49,8,12.909324
50,8,9.6582899
51,8,11.748384
52,8,11.63563
53,8,11.81927
55,8,11.936544
56,8,12.147177
58,8,11.649063
60,8,10.259552
63,8,12.48962
64,8,15.480132
68,8,12.133755
72,8,12.221528
73,8,12.189867
86,8,11.87752
91,8,11.897194
93,8,11.237936
95,8,13.561004
104,8,13.561502
110,8,11.635019
112,8,12.253943
139,8,13.797987
175,8,13.385385
9,9,8.2652626
10,9,8.7583132
11,9,9.6096926
12,9,9.5101309
13,9,9.1890669
14,9,10.895129
15,9,10.916814
16,9,10.273403
17,9,10.546383
18,9,10.413397
19,9,11.360117
20,9,10.778796
21,9,10.655581
22,9,11.210223
23,9,12.780474
24,9,11.180844
25,9,9.9216986
26,9,11.292193
27,9,12.638774
28,9,11.977487
29,9,12.754357
30,9,10.075485
31,9,11.604802
32,9,11.596984
33,9,11.046439
34,9,11.048013
35,9,12.086281
36,9,11.633673
37,9,11.953578
38,9,11.917951
39,9,11.213842
40,9,10.088721
41,9,13.30644
42,9,12.918356
43,9,11.817822
44,9,11.897491
45,9,10.723047
46,9,12.271266
47,9,10.54099
48,9,12.234551
49,9,12.351568
50,9,9.6363268
51,9,11.729962
52,9,11.587625
53,9,11.808196
55,9,11.890279
56,9,12.146545
58,9,11.494557
60,9,10.257133
63,9,12.422822
64,9,13.865493
68,9,12.131182
72,9,11.901793
73,9,12.045793
86,9,11.499131
91,9,11.717514
93,9,11.180441
95,9,13.398517
104,9,13.279329
110,9,11.470237
112,9,11.887086
139,9,13.778115
175,9,13.254447
10,10,7.6645813
11,10,8.682847
12,10,8.7562819
13,10,8.5231228
14,10,10.469102
15,10,10.387954
16,10,9.7752943
17,10,10.151625
18,10,10.075126
19,10,10.682104
20,10,10.29943
21,10,10.34066
22,10,10.917709
23,10,12.424338
24,10,10.920699
25,10,9.7202988
26,10,10.872738
27,10,12.533433
28,10,11.851812
29,10,12.227286
30,10,9.8349943
31,10,10.854488
32,10,11.415489
33,10,10.928619
34,10,10.775388
35,10,12.023273
36,10,11.267507
37,10,11.414165
38,10,11.69894
39,10,11.021236
40,10,9.2211819
41,10,13.224792
42,10,12.611184
43,10,11.580827
44,10,11.790648
45,10,10.603785
46,10,12.078103
47,10,10.519376
48,10,11.986178
49,10,12.287025
50,10,9.6164722
51,10,11.533639
52,10,11.500569
53,10,11.679084
55,10,11.450678
56,10,11.678957
58,10,11.452124
60,10,10.181119
63,10,12.301705
64,10,13.749477
68,10,11.550299
72,10,11.775674
73,10,11.87983
86,10,11.250898
91,10,11.694455
93,10,11.177047
95,10,13.275615
104,10,13.055749
110,10,11.258137
112,10,11.331739
139,10,13.370866
175,10,13.165038
11,11,7.5901246
12,11,8.0453739
13,11,7.9868355
14,11,9.4769011
15,11,9.945549
16,11,9.3815517
17,11,9.7868443
18,11,9.783514
19,11,10.222556
20,11,10.063398
21,11,9.9999514
22,11,10.566298
23,11,12.391818
24,11,10.699477
25,11,9.547328
26,11,10.785345
27,11,12.15631
28,11,11.766777
29,11,11.982809
30,11,9.679656
31,11,10.292146
32,11,11.332156
33,11,10.842322
34,11,10.673827
35,11,11.854065
36,11,11.093509
37,11,11.220874
38,11,11.562195
39,11,10.412178
40,11,8.5161924
41,11,13.141788
42,11,12.535702
43,11,11.38832
44,11,11.746997
45,11,10.568891
46,11,12.063218
47,11,10.409522
48,11,11.957838
49,11,12.09965
50,11,9.5890503
51,11,11.450922
52,11,11.443704
53,11,11.643322
55,11,11.445449
56,11,11.535411
58,11,11.427439
60,11,10.105612
63,11,12.051846
64,11,13.648028
68,11,11.179939
72,11,11.701063
73,11,11.720208
86,11,11.228026
91,11,11.558587
93,11,10.955305
95,11,13.253597
104,11,12.892628
110,11,11.249585
112,11,11.29269
139,11,13.158948
175,11,12.997115
12,12,7.1992025
13,12,7.4873605
14,12,8.9461508
15,12,9.593276
16,12,8.8115988
17,12,9.5169439
18,12,9.3612375
19,12,9.9890032
20,12,9.757925
21,12,9.7184782
22,12,10.274447
23,12,12.283132
24,12,10.294508
25,12,9.2810163
26,12,10.474467
27,12,12.041887
28,12,11.595128
29,12,11.558222
30,12,9.3588037
31,12,10.026059
32,12,11.1544
33,12,10.710722
34,12,10.581648
35,12,11.672153
36,12,10.957556
37,12,11.201921
38,12,11.388128
39,12,10.179783
40,12,8.2537479
41,12,13.077575
42,12,11.751773
43,12,11.098546
44,12,11.427564
45,12,9.9364147
46,12,11.901265
47,12,10.386099
48,12,11.809983
49,12,12.070147
50,12,9.5236902
51,12,11.375025
52,12,11.167431
53,12,11.244196
55,12,11.351148
56,12,11.490792
58,12,11.382344
60,12,9.8973684
63,12,11.840043
64,12,13.26676
68,12,11.169674
72,12,11.542484
73,12,11.63252
86,12,11.037113
91,12,11.517942
93,12,10.872674
95,12,13.226098
104,12,12.876659
110,12,11.23712
112,12,11.111716
139,12,13.141397
175,12,12.981963
13,13,6.529088
14,13,8.3592777
15,13,8.9319029
16,13,8.3924742
17,13,9.1574554
18,13,9.0755253
19,13,9.7264833
20,13,9.4309721
21,13,9.4858837
22,13,10.08219
23,13,12.080951
24,13,9.9990301
25,13,9.115346
26,13,10.199049
27,13,11.906588
28,13,11.067004
29,13,11.236332
30,13,8.9880095
31,13,9.8738527
32,13,10.951235
33,13,10.466113
34,13,10.466896
35,13,11.297216
36,13,10.455379
37,13,10.865325
38,13,11.223789
39,13,9.9111824
40,13,7.9069157
41,13,12.850011
42,13,11.540682
43,13,11.051953
44,13,11.242468
45,13,9.8371077
46,13,11.887684
47,13,10.364671
48,13,11.275823
49,13,11.930744
50,13,9.5203218
51,13,11.315042
52,13,11.045143
53,13,11.046834
55,13,11.341876
56,13,10.848249
58,13,11.121837
60,13,9.8867989
63,13,10.986276
64,13,13.024956
68,13,10.996853
72,13,11.328185
73,13,11.617286
86,13,11.013748
91,13,11.494069
93,13,10.826456
95,13,13.214419
104,13,12.820988
110,13,11.189782
112,13,11.028661
139,13,13.095785
175,13,12.915849
14,14,7.7614856
15,14,8.5722265
16,14,7.7998734
17,14,8.5487118
18,14,8.6950417
19,14,9.5076647
20,14,9.1837292
21,14,9.2376709
22,14,9.6621103
23,14,11.87327
24,14,9.6358843
25,14,8.9001856
26,14,9.8253908
27,14,11.284204
28,14,10.558933
29,14,10.602101
30,14,8.9397774
31,14,9.6160059
32,14,10.49475
33,14,10.334637
34,14,10.106183
35,14,11.123462
36,14,10.226827
37,14,10.657424
38,14,11.109514
39,14,9.5426788
40,14,7.8980398
41,14,12.641554
42,14,10.859153
43,14,11.026093
44,14,11.183282
45,14,9.8043852
46,14,11.662465
47,14,10.218991
48,14,11.207857
49,14,11.870925
50,14,9.5184135
51,14,11.250957
52,14,11.016003
53,14,10.850559
55,14,11.13682
56,14,10.819778
58,14,10.953102
60,14,9.8678083
63,14,10.974626
64,14,12.864002
68,14,10.966058
72,14,11.274947
73,14,11.605623
86,14,11.011423
91,14,11.202275
93,14,10.808495
95,14,13.087134
104,14,12.685534
110,14,11.060196
112,14,10.925165
139,14,12.984697
175,14,12.858215
15,15,7.4914203
16,15,7.2640786
17,15,8.1372375
18,15,8.0576096
19,15,9.011014
20,15,8.8924904
21,15,8.7381077
22,15,9.6883049
23,15,11.681969
24,15,9.3057814
25,15,8.7457094
26,15,9.653101
27,15,10.886292
28,15,10.250058
29,15,10.40916
30,15,8.8877907
31,15,8.9175787
32,15,10.769568
33,15,10.228402
34,15,10.064713
35,15,10.938263
36,15,10.09804
37,15,10.492385
38,15,10.961779
39,15,9.4292345
40,15,7.6009026
41,15,12.43197
42,15,10.716172
43,15,10.880054
44,15,11.110857
45,15,9.659503
46,15,11.522361
47,15,10.086517
48,15,10.962504
49,15,11.63114
50,15,9.4100103
51,15,11.22563
52,15,10.991039
53,15,10.81585
55,15,11.085061
56,15,10.789649
58,15,10.829956
60,15,9.8580713
63,15,10.255728
64,15,12.772605
68,15,10.702278
72,15,11.173697
73,15,11.56836
86,15,11.002983
91,15,11.077718
93,15,10.596635
95,15,12.535495
104,15,12.62397
110,15,11.056319
112,15,10.863451
139,15,12.868059
175,15,12.85572
16,16,6.4073067
17,16,7.7021046
18,16,7.5185547
19,16,8.8566732
20,16,8.6709299
21,16,8.3265352
22,16,9.3822517
23,16,10.945626
24,16,9.1567287
25,16,8.5966206
26,16,9.4748278
27,16,10.744041
28,16,9.6502972
29,16,10.186823
30,16,8.6927414
31,16,8.858511
32,16,10.533232
33,16,10.153925
34,16,9.9479351
35,16,10.880733
36,16,9.8777256
37,16,10.432497
38,16,10.89079
39,16,9.3149033
40,16,7.5943813
41,16,12.316983
42,16,10.632448
43,16,10.812411
44,16,10.992218
45,16,9.5449896
46,16,11.429968
47,16,9.9871387
48,16,10.862947
49,16,11.626236
50,16,9.2947731
51,16,11.185699
52,16,10.911701
53,16,10.806126
55,16,11.023291
56,16,10.530415
58,16,10.778404
60,16,9.6751432
63,16,10.241994
64,16,12.256985
68,16,10.692126
72,16,11.08391
73,16,11.56319
86,16,10.987933
91,16,11.009853
93,16,10.290517
95,16,12.489976
104,16,12.527921
110,16,11.039364
112,16,10.733239
139,16,12.838262
175,16,12.816164
17,17,7.1201253
18,17,6.8810139
19,17,8.6354017
20,17,8.3506002
21,17,7.9743724
22,17,9.1209812
23,17,10.055423
24,17,8.6328211
25,17,8.3549099
26,17,9.1243191
27,17,10.421448
28,17,9.489789
29,17,10.050128
30,17,8.3169117
31,17,8.8395662
32,17,10.390551
33,17,9.986207
34,17,9.6122656
35,17,10.751788
36,17,9.8090124
37,17,10.404869
38,17,10.835123
39,17,9.1990271
40,17,6.9810057
41,17,12.100857
42,17,10.405035
43,17,10.702356
44,17,10.743437
45,17,9.397027
46,17,11.352816
47,17,9.9502277
48,17,10.775889
49,17,11.356382
50,17,9.2694578
51,17,11.129019
52,17,10.890069
53,17,10.713395
55,17,10.990634
56,17,10.474524
58,17,10.760081
60,17,9.6714296
63,17,10.222614
64,17,12.197552
68,17,10.645234
72,17,11.032806
73,17,11.517933
86,17,10.729854
91,17,10.87733
93,17,10.056595
95,17,12.433392
104,17,12.509091
110,17,10.839875
112,17,10.656507
139,17,12.82296
175,17,12.569395
18,18,6.3368826
19,18,8.1875658
20,18,7.9329076
21,18,7.8771129
22,18,8.3594379
23,18,9.7756205
24,18,8.5094519
25,18,7.5023093
26,18,8.9734783
27,18,10.16384
28,18,9.212079
29,18,9.9367046
30,18,7.8881469
31,18,8.6850777
32,18,10.041352
33,18,9.8613625
34,18,9.3652048
35,18,10.62521
36,18,9.4904938
37,18,10.259763
38,18,10.635969
39,18,9.0636368
40,18,6.9382844
41,18,12.033228
42,18,10.385096
43,18,10.62184
44,18,10.567348
45,18,9.3380299
46,18,11.212509
47,18,9.8566055
48,18,10.741715
49,18,11.298172
50,18,9.0786362
51,18,11.083319
52,18,10.812491
53,18,10.55818
55,18,10.767116
56,18,10.43802
58,18,10.524064
60,18,9.6344967
63,18,10.20361
64,18,11.97666
68,18,10.568029
72,18,10.86019
73,18,11.401267
86,18,10.715417
91,18,10.818578
93,18,9.8791437
95,18,12.356383
104,18,12.361195
110,18,10.810778
112,18,10.511294
139,18,12.809817
175,18,12.552396
19,19,5.9687076
20,19,7.4551134
21,19,7.4446874
22,19,7.8838429
23,19,9.3651791
24,19,8.3835602
25,19,7.3121829
26,19,8.7253857
27,19,9.9630995
28,19,8.7466211
29,19,9.636817
30,19,7.8178267
31,19,8.66854
32,19,9.960803
33,19,9.797266
34,19,9.2455149
35,19,10.384709
36,19,9.3615723
37,19,10.232324
38,19,10.498037
39,19,8.8598604
40,19,6.7369671
41,19,11.153065
42,19,10.241744
43,19,10.561732
44,19,10.305313
45,19,9.3201809
46,19,11.063069
47,19,9.7821102
48,19,10.582637
49,19,11.220251
50,19,9.0389585
51,19,10.97579
52,19,10.801452
53,19,10.501527
55,19,10.67727
56,19,10.377888
58,19,10.459669
60,19,9.6063614
63,19,10.178692
64,19,11.876527
68,19,10.534467
72,19,10.815389
73,19,11.323338
86,19,10.60609
91,19,10.768611
93,19,9.8619881
95,19,12.276517
104,19,12.275892
110,19,10.545578
112,19,10.487741
139,19,12.803749
175,19,12.443233
20,20,6.312243
21,20,7.1318831
22,20,7.4705257
23,20,9.0221291
24,20,8.1145639
25,20,6.8943324
26,20,8.3428402
27,20,9.9097433
28,20,8.5071831
29,20,9.4671316
30,20,7.6016521
31,20,8.5731955
32,20,9.5135517
33,20,9.4027157
34,20,9.1522875
35,20,10.283139
36,20,9.303071
37,20,9.9138832
38,20,10.340383
39,20,8.6942511
40,20,6.6133842
41,20,11.057603
42,20,9.9466667
43,20,10.473619
44,20,10.257817
45,20,9.2582254
46,20,11.048951
47,20,9.7732649
48,20,10.4912
49,20,10.904726
50,20,8.9962807
51,20,10.959809
52,20,10.746562
53,20,10.476555
55,20,10.441559
56,20,10.357426
58,20,10.231892
60,20,9.5697613
63,20,10.157102
64,20,10.716593
68,20,10.339805
72,20,10.806713
73,20,11.302204
86,20,10.604107
91,20,10.550067
93,20,9.855032
95,20,12.164042
104,20,12.265921
110,20,10.453341
112,20,10.378137
139,20,12.69332
175,20,12.438517
21,21,5.8042078
22,21,6.5240517
23,21,8.8678637
24,21,7.9781203
25,21,6.6074004
26,21,8.3198214
27,21,9.6353464
28,21,8.2523937
29,21,9.2674294
30,21,7.092989
31,21,7.5501351
32,21,9.4328279
33,21,9.2740431
34,21,9.1256533
35,21,10.146336
36,21,9.1128006
37,21,9.8749847
38,21,10.126071
39,21,8.5950794
40,21,6.555357
41,21,10.67523
42,21,9.7424088
43,21,10.333467
44,21,9.6549625
45,21,9.201602
46,21,10.565531
47,21,9.6736965
48,21,10.340624
49,21,10.599144
50,21,8.9687786
51,21,10.923814
52,21,10.507312
53,21,10.461988
55,21,9.8808842
56,21,10.025263
58,21,10.126991
60,21,9.4248066
63,21,10.12823
64,21,10.472997
68,21,10.331138
72,21,10.772435
73,21,11.300845
86,21,10.462475
91,21,10.540462
93,21,9.8520889
95,21,12.105561
104,21,12.259021
110,21,10.39513
112,21,10.302062
139,21,12.640281
175,21,12.34442
22,22,5.9657192
23,22,8.5307608
24,22,7.8164673
25,22,5.7344193
26,22,7.6145587
27,22,9.0164518
28,22,8.1324711
29,22,9.2174397
30,22,6.8747153
31,22,7.1546154
32,22,9.2536106
33,22,9.1984196
34,22,8.7546339
35,22,9.7483234
36,22,9.0360661
37,22,9.7347136
38,22,9.9464855
39,22,8.4493961
40,22,6.2859979
41,22,10.604512
42,22,9.6633883
43,22,10.312762
44,22,9.4985971
45,22,8.9888201
46,22,10.564422
47,22,9.3222399
48,22,10.272877
49,22,10.243827
50,22,8.9516993
51,22,10.818888
52,22,10.41187
53,22,10.418644
55,22,9.8694649
56,22,10.019091
58,22,9.9371643
60,22,9.3062868
63,22,10.097552
64,22,10.460471
68,22,10.279215
72,22,10.595034
73,22,11.269821
86,22,10.392252
91,22,10.491274
93,22,9.7164345
95,22,12.0958
104,22,12.126283
110,22,10.371927
112,22,10.279078
139,22,12.526444
175,22,12.251538
23,23,8.1238546
24,23,7.1624837
25,23,5.6082501
26,23,7.1863337
27,23,8.7153883
28,23,7.989696
29,23,8.842207
30,23,6.6770835
32,23,9.1482525
33,23,9.0169077
34,23,8.340456
35,23,9.6671953
36,23,9.0100174
37,23,9.5457411
38,23,9.8647318
39,23,8.3612413
40,23,6.1923623
41,23,10.524843
42,23,9.5370512
43,23,10.214275
44,23,9.0298376
45,23,8.8946705
46,23,10.472261
47,23,9.317399
48,23,10.022914
49,23,10.058009
50,23,8.7757034
51,23,10.669129
52,23,10.372709
53,23,10.394978
55,23,9.7562628
56,23,9.8994799
58,23,9.6206932
60,23,9.2763157
63,23,10.024266
64,23,10.175231
68,23,10.177248
72,23,10.213799
73,23,11.263848
86,23,10.361671
91,23,10.422847
93,23,9.6565638
95,23,12.046515
104,23,12.102715
110,23,10.336827
112,23,10.263048
139,23,12.449681
175,23,12.234388
24,24,6.346221
25,24,5.1960382
26,24,6.6541524
27,24,7.0783415
28,24,7.7686176
29,24,8.6808844
30,24,6.3851943
31,24,7.0817084
32,24,8.9372187
33,24,8.7937641
34,24,7.8071032
35,24,9.5349207
36,24,8.9731827
37,24,9.4988222
38,24,9.6991396
39,24,7.9773679
40,24,6.0354815
41,24,10.148875
42,24,9.5264273
43,24,10.056123
44,24,8.8061991
45,24,8.7732296
46,24,10.426439
47,24,9.1233654
48,24,9.9892979
49,24,10.037712
50,24,8.7240448
51,24,10.52393
52,24,10.325809
53,24,10.352331
55,24,9.7032061
56,24,9.8179293
58,24,9.5109634
60,24,9.2111397
63,24,9.6600142
64,24,9.7575941
68,24,10.045204
72,24,10.04351
73,24,11.172053
86,24,10.320321
91,24,10.267227
93,24,9.5747061
95,24,12.001438
104,24,11.95424
110,24,10.175422
112,24,10.246225
139,24,12.27097
175,24,12.177452
25,25,4.5861006
26,25,5.914516
27,25,5.6716037
28,25,6.8492785
29,25,8.4754333
30,25,6.2971091
31,25,6.84588
32,25,8.7699108
33,25,8.6627645
34,25,7.7832241
35,25,9.4990473
36,25,8.6195688
37,25,9.1160297
38,25,9.478632
39,25,7.7566233
40,25,5.771441
41,25,10.095965
42,25,9.3069677
43,25,10.047588
44,25,8.7110319
45,25,8.6963434
46,25,10.3599
47,25,9.1060905
48,25,9.9086246
49,25,10.010839
50,25,8.611412
51,25,10.460085
52,25,10.271597
53,25,10.338511
55,25,9.5045757
56,25,9.7879086
58,25,9.4956322
60,25,8.9732246
63,25,9.578969
64,25,9.6716185
68,25,9.7373152
72,25,10.034866
73,25,11.122044
86,25,10.231352
91,25,10.256185
93,25,9.551445
95,25,11.877034
104,25,11.94701
110,25,10.100246
112,25,10.203592
139,25,12.265802
175,25,12.063662
26,26,4.878056
27,26,5.2122145
28,26,5.8567896
29,26,8.0866566
30,26,6.0234475
31,26,6.7452364
32,26,8.3206425
33,26,8.2107363
34,26,7.7798853
35,26,9.3839159
36,26,8.3879948
37,26,9.057189
38,26,9.4126396
39,26,7.6415644
40,26,5.6835799
41,26,9.7638035
42,26,9.218358
43,26,9.9432125
44,26,8.6761608
45,26,8.6258678
46,26,10.176297
47,26,8.799511
48,26,9.8675499
49,26,9.9685259
50,26,8.2799511
51,26,10.42243
52,26,10.26413
53,26,10.30384
55,26,9.282196
56,26,9.7616358
58,26,9.4684267
60,26,8.8035746
63,26,9.5449533
64,26,9.6649132
68,26,9.730443
72,26,9.9648647
73,26,11.116381
86,26,10.085809
91,26,10.239209
93,26,9.2353258
95,26,11.85496
104,26,11.787044
110,26,9.9079771
112,26,10.157122
139,26,12.243152
175,26,11.958021
27,27,4.7514329
28,27,4.8721395
29,27,8.2039423
30,27,5.5471287
31,27,6.2915692
32,27,8.1683159
33,27,8.0660505
34,27,7.4006205
35,27,9.1766281
36,27,8.2410879
37,27,8.994421
38,27,9.0896893
39,27,7.4053435
40,27,5.6801724
41,27,9.6644478
42,27,9.1749725
43,27,9.8309708
44,27,8.3857164
45,27,8.5287266
46,27,9.5404348
47,27,8.7388954
48,27,9.7948437
49,27,9.8650846
50,27,8.1562233
51,27,10.315117
52,27,10.17504
53,27,10.183276
55,27,9.0641575
56,27,9.6617985
58,27,9.3050137
60,27,8.773385
63,27,9.4217348
64,27,9.5639505
68,27,9.7003918
72,27,9.9411201
73,27,11.017448
86,27,10.053931
91,27,10.177705
93,27,9.0920076
95,27,11.844378
104,27,11.746882
110,27,9.8916178
112,27,10.067306
139,27,12.135232
175,27,11.89295
28,28,4.4355674
29,28,7.5128908
30,28,4.6395717
31,28,5.7807436
32,28,7.8096223
33,28,7.9620671
34,28,7.1252832
35,28,9.0810852
36,28,8.0826082
37,28,8.861208
38,28,8.9763708
39,28,7.1338944
40,28,5.5451775
41,28,9.3763065
42,28,9.1676416
43,28,9.6225824
44,28,8.1943674
45,28,8.3691568
46,28,9.3794079
47,28,8.4971943
48,28,9.4602947
49,28,9.8094511
50,28,8.1211834
51,28,10.195374
52,28,9.642642
53,28,10.060492
55,28,8.9717026
56,28,9.6511726
58,28,9.2950954
60,28,8.4846697
63,28,9.3414564
64,28,9.551445
68,28,9.5697613
72,28,9.887866
73,28,10.997188
86,28,10.045507
91,28,10.150972
93,28,9.063695
95,28,11.825405
104,28,11.658376
110,28,9.8138914
112,28,10.060619
139,28,12.126959
175,28,11.874815
29,29,7.3201962
31,29,4.5538769
32,29,7.5449667
33,29,7.8667221
34,29,7.091742
35,29,8.7411366
36,29,7.7212009
37,29,8.8230591
38,29,8.8312321
39,29,7.0472999
40,29,5.267858
41,29,9.312686
42,29,8.6804171
43,29,9.0912752
44,29,8.0347929
45,29,8.1796207
46,29,9.2616034
47,29,8.4439774
48,29,9.3778019
49,29,9.5747747
50,29,8.0864105
51,29,10.163908
52,29,9.5891876
53,29,9.9699774
55,29,8.9435062
56,29,9.5996761
58,29,9.2353258
60,29,8.4062614
63,29,9.2115393
64,29,9.5153217
68,29,9.5402193
72,29,9.8617277
73,29,10.853987
86,29,10.030296
91,29,10.13765
93,29,8.7695074
95,29,11.739838
104,29,11.580444
110,29,9.7559156
112,29,9.9258852
139,29,12.078239
175,29,11.853959
30,30,3.3672957
31,30,4.0073333
32,30,7.1344128
33,30,7.7244468
34,30,6.8221974
35,30,8.6573896
36,30,7.4641275
37,30,8.7242069
38,30,8.5567436
39,30,7.0005622
40,30,5.1416636
41,30,9.168129
42,30,8.6333752
43,30,9.0579462
44,30,7.9271441
45,30,8.1208858
46,30,9.1176767
47,30,8.4224424
48,30,9.3013992
49,30,9.4932985
50,30,8.0646362
51,30,10.068281
52,30,9.4457283
53,30,9.9534674
55,30,8.9117994
56,30,9.583971
58,30,9.1805506
60,30,8.3079529
63,30,9.0090199
64,30,9.4222212
68,30,9.5366898
72,30,9.7614632
73,30,10.842498
86,30,10.016548
91,30,10.087683
93,30,8.7256699
95,30,11.723729
104,30,11.574265
110,30,9.6737595
112,30,9.9207382
139,30,12.039546
175,30,11.812467
31,31,3.2188756
32,31,6.356802
33,31,7.6258388
34,31,6.7833252
35,31,8.5528498
36,31,6.9905634
37,31,8.5967436
38,31,8.4141788
39,31,6.9370713
40,31,5.0562458
41,31,8.8789616
42,31,8.532279
43,31,8.8724871
44,31,7.7970858
45,31,8.0038643
46,31,9.0405006
47,31,8.2568665
48,31,9.2333078
49,31,9.39711
50,31,7.9266024
51,31,9.9725704
52,31,9.4308405
53,31,9.7725239
55,31,8.818778
56,31,9.4569664
58,31,8.9814301
60,31,8.1738577
63,31,8.9277124
64,31,9.4102564
68,31,9.4416103
72,31,9.6753311
73,31,10.809708
86,31,9.9701176
91,31,10.034735
93,31,8.704834
95,31,11.690963
104,31,11.554489
110,31,9.6467228
112,31,9.9115553
139,31,11.964759
175,31,11.709216
32,32,6.0137153
33,32,6.6113687
34,32,6.2285109
35,32,7.495542
36,32,6.812345
37,32,8.4661102
38,32,8.1230068
39,32,6.317616
40,32,5.0498562
41,32,8.4703112
42,32,8.4993343
43,32,8.6267653
44,32,7.1098795
45,32,7.8915176
46,32,9.0161486
47,32,8.1044016
48,32,8.8946247
49,32,9.1827126
50,32,7.7354336
51,32,9.9266672
52,32,9.3784781
53,32,9.6775904
55,32,8.7355251
56,32,9.3961554
58,32,8.9625196
60,32,7.9164429
63,32,8.8967934
64,32,8.8595057
68,32,9.0915565
72,32,9.4793749
73,32,10.791317
86,32,9.9643946
91,32,9.9579754
93,32,8.6857538
95,32,11.610478
104,32,11.514554
110,32,9.558176
112,32,9.8901997
139,32,11.91997
175,32,11.709026
33,33,5.1662135
34,33,6.1180973
35,33,6.8762646
36,33,6.3207684
37,33,8.238801
38,33,7.9582272
39,33,5.9667873
40,33,4.9698133
41,33,8.351532
42,33,8.4226627
43,33,8.361825
44,33,6.9584484
45,33,7.841886
46,33,8.8641815
47,33,7.5368972
48,33,8.8662052
49,33,9.0388403
50,33,7.7186856
51,33,9.8822641
52,33,9.3724594
53,33,9.6353464
55,33,8.7074833
56,33,9.1049795
58,33,8.9275131
60,33,7.8066964
63,33,8.8551645
64,33,8.8337545
68,33,9.0787497
72,33,9.4606323
73,33,10.661345
86,33,9.6193991
91,33,9.9434776
93,33,8.5898857
95,33,11.587662
104,33,11.437576
110,33,9.5311184
112,33,9.8900986
139,33,11.758104
175,33,11.679117
34,34,5.7557421
35,34,6.7369671
36,34,5.9970737
37,34,8.1315308
38,34,7.8578124
39,34,5.8957791
40,34,4.3820267
41,34,8.1642256
42,34,8.1683445
43,34,8.1610899
44,34,6.8172832
45,34,7.6783261
46,34,8.793005
47,34,7.3284373
48,34,8.6037378
49,34,8.9723368
50,34,7.673223
51,34,9.7795391
52,34,9.3246508
53,34,9.4267416
55,34,8.5409098
56,34,9.0562563
58,34,8.8452015
60,34,7.7384882
63,34,8.8384066
64,34,8.8322954
68,34,8.9416761
72,34,8.9436369
73,34,10.556568
86,34,9.434763
91,34,9.9024372
93,34,8.5397367
95,34,11.541202
104,34,11.35083
110,34,9.4285116
112,34,9.8792458
139,34,11.696246
175,34,11.676582
35,35,4.6051702
36,35,5.855072
37,35,7.9936199
38,35,7.6224542
39,35,5.5558624
40,35,4.1108737
41,35,7.7912474
42,35,8.118803
43,35,7.9421844
44,35,6.4167323
45,35,7.2594681
46,35,8.610137
47,35,7.2470808
48,35,8.5816069
49,35,8.8320036
50,35,7.6666903
51,35,9.6651983
52,35,9.1049795
53,35,9.2623634
55,35,8.2353611
56,35,8.9510517
58,35,8.619298
60,35,7.6893711
63,35,8.7882881
64,35,8.7863035
68,35,8.7797117
72,35,8.7651463
73,35,10.449931
86,35,9.4094372
91,35,9.871274
93,35,8.4303274
95,35,11.510823
104,35,11.341805
110,35,9.4260159
112,35,9.8333874
139,35,11.670843
175,35,11.674568
36,36,4.4426513
37,36,7.8497138
38,36,6.8396292
39,36,5.1817837
40,36,2.3025851
41,36,7.4155765
42,36,7.447751
43,36,7.8502984
44,36,6.0718918
45,36,6.8860207
46,36,8.5261526
47,36,6.9498563
48,36,8.5507565
49,36,8.4607286
50,36,7.5600805
51,36,9.6371107
52,36,9.0657768
53,36,9.2199936
55,36,8.2160883
56,36,8.8692579
58,36,8.5463638
60,36,7.668561
63,36,8.6975965
64,36,8.7086401
68,36,8.7035065
72,36,8.5989571
73,36,10.330714
86,36,9.3820219
91,36,9.8430471
93,36,8.39886
95,36,11.431379
104,36,11.295975
110,36,9.3895741
112,36,9.7786608
139,36,11.660518
175,36,11.653479
37,37,7.8371596
38,37,6.512382
39,37,5.0072966
40,37,2.1972246
41,37,7.2427979
42,37,7.2309251
43,37,7.7290759
44,37,5.9012661
45,37,6.368187
46,37,8.2348299
47,37,6.9363427
48,37,8.4294538
49,37,8.373785
50,37,7.5427437
51,37,9.5318804
52,37,9.0319309
53,37,9.2173157
55,37,8.1179085
56,37,8.8408699
58,37,8.5066376
60,37,7.3827462
63,37,8.4937201
64,37,8.6599073
68,37,8.6372843
72,37,8.5801678
73,37,10.244023
86,37,9.3384695
91,37,9.7849855
93,37,8.3626423
95,37,11.413326
104,37,11.254738
110,37,9.3744135
112,37,9.7244806
139,37,11.604592
175,37,11.648225
38,38,5.447968
39,38,3.7841897
41,38,7.091465
42,38,7.1000271
43,38,7.5464463
44,38,5.5274429
45,38,6.2285109
46,38,7.6746173
47,38,6.7707896
48,38,8.3299799
49,38,8.3433161
50,38,7.5283318
51,38,9.4941654
52,38,8.9876966
53,38,9.2154274
55,38,7.9466176
56,38,8.7635841
58,38,8.4763708
60,38,7.3211884
63,38,8.4702063
64,38,8.6123219
68,38,8.572628
72,38,8.5055256
73,38,10.23853
86,38,9.2103405
91,38,9.7466002
93,38,8.350666
95,38,11.408154
104,38,11.1462
110,38,9.3413687
112,38,9.6316128
139,38,11.576361
175,38,11.554029
39,39,3.228826
41,39,6.9057531
42,39,6.422164
43,39,7.4960976
44,39,5.4595857
45,39,5.9851952
46,39,7.4389715
47,39,6.0014148
48,39,7.9244342
49,39,8.1089239
50,39,7.474772
51,39,9.3860569
52,39,8.9657173
53,39,9.1891165
55,39,7.8244457
56,39,8.6473436
58,39,8.3893595
60,39,7.1989312
63,39,8.1250391
64,39,8.5694065
68,39,8.4042482
72,39,8.4844637
73,39,10.208174
86,39,9.172431
91,39,9.7205257
93,39,8.3426018
95,39,11.300326
104,39,11.135363
110,39,9.2158251
112,39,9.5961466
139,39,11.543503
175,39,11.502875
40,40,1.3862944
41,40,6.4079795
42,40,7.4312997
43,40,7.102911
44,40,5.4510384
45,40,5.7413993
46,40,7.4336667
47,40,5.8522024
48,40,7.6904383
49,40,7.7383428
50,40,7.4383836
51,40,9.3399639
52,40,8.4941292
53,40,9.1387367
55,40,7.7731738
56,40,8.4320707
58,40,8.3255482
60,40,7.0900769
63,40,7.9944634
64,40,8.4990292
68,40,8.272315
72,40,8.174139
73,40,10.181119
86,40,9.1286964
91,40,9.6041374
93,40,8.2940493
95,40,11.233317
104,40,11.129026
110,40,9.093132
112,40,9.5423021
139,40,11.463116
175,40,11.480289
41,41,4.0775375
42,41,5.9571319
43,41,6.8844867
44,41,5.126936
45,41,5.1733208
46,41,6.9295168
47,41,5.5012584
48,41,7.4864264
49,41,8.3936691
50,41,7.3065314
51,41,9.2750511
52,41,8.483016
53,41,8.9909401
55,41,7.7209053
56,41,8.4184771
58,41,8.2852612
60,41,7.0030656
63,41,7.9517355
64,41,8.3313456
68,41,8.1391487
72,41,7.8943181
73,41,10.166506
86,41,9.0707331
91,41,9.5278482
93,41,8.281724
95,41,11.128836
104,41,11.0014
110,41,9.0331259
112,41,9.4762363
139,41,11.404738
175,41,11.46981
42,42,4.5108595
43,42,5.971262
44,42,4.0073333
45,42,4.959342
46,42,6.8977051
47,42,4.9416423
48,42,7.3432107
49,42,7.6120896
50,42,7.138073
51,42,9.0488796
52,42,8.4204617
53,42,8.6351538
55,42,7.635304
56,42,8.2822304
58,42,8.2395935
60,42,7.0021558
63,42,7.9224424
64,42,8.270525
68,42,8.0762043
72,42,7.8196363
73,42,9.8379354
86,42,8.9996195
91,42,9.4989719
93,42,8.2532272
95,42,11.115443
104,42,10.799984
110,42,9.0277386
112,42,9.4607096
139,42,11.350206
175,42,11.440591
43,43,4.6347289
44,43,3.6375861
45,43,4.8081112
46,43,6.3885612
47,43,4.8751974
48,43,7.0184016
49,43,7.5177927
50,43,7.1098795
51,43,8.6276608
52,43,8.1478672
53,43,8.6015339
55,43,7.6275444
56,43,8.2635908
58,43,8.1676359
60,43,6.9392538
63,43,7.7621708
64,43,8.2297773
68,43,7.8686371
72,43,7.495542
73,43,9.8372412
86,43,8.9710674
91,43,9.3750067
93,43,8.1432266
95,43,11.072248
104,43,10.756221
110,43,9.0004835
112,43,9.4477024
139,43,11.332231
175,43,11.430381
44,44,3.5553482
45,44,4.5432949
46,44,6.3099184
47,44,4.7874918
48,44,6.5567784
49,44,7.4235682
50,44,6.8012829
51,44,8.5783825
52,44,8.0196133
53,44,8.5602531
55,44,7.6088705
56,44,8.226841
58,44,8.1325598
60,44,6.8916259
63,44,7.6316743
64,44,8.1994638
68,44,7.7948232
72,44,7.45472
73,44,9.7158318
86,44,8.8230591
91,44,9.3081932
93,44,8.1285849
95,44,10.928095
104,44,10.738243
110,44,8.9994955
112,44,9.4382725
139,44,11.308051
175,44,11.375845
45,45,3.0445225
46,45,5.57973
47,45,4.2046928
48,45,6.2772698
49,45,6.6463904
50,45,6.1180973
51,45,8.3664865
52,45,7.9444923
53,45,8.546752
55,45,7.6009026
56,45,7.7160153
58,45,8.0286179
60,45,6.8023949
63,45,7.5451255
64,45,8.1573706
68,45,7.7651448
72,45,7.4318919
73,45,9.3683691
86,45,8.720787
91,45,9.147294
93,45,8.0551577
95,45,10.914015
104,45,10.717878
110,45,8.9954128
112,45,9.4066467
139,45,11.258459
175,45,11.346411
46,46,5.3981628
47,46,3.9702919
48,46,6.0250607
49,46,6.1622615
50,46,5.3752785
51,46,8.1761103
52,46,7.9323621
53,46,8.3581972
55,46,7.5342283
56,46,7.6477861
58,46,7.7600408
60,46,6.7900972
63,46,7.379632
64,46,8.1217775
68,46,7.6328855
72,46,7.3883281
73,46,9.2687979
86,46,8.5728168
91,46,9.0569563
93,46,7.9748769
95,46,10.885117
104,46,10.580226
110,46,8.9532518
112,46,9.3281231
139,46,11.25488
175,46,11.3335
47,47,3.6109178
48,47,5.019485
49,47,6.0342846
50,47,5.2364421
51,47,7.9129725
52,47,7.8590269
53,47,8.2920475
55,47,7.377759
56,47,7.1444073
58,47,7.5186071
60,47,6.6871085
63,47,7.3215194
64,47,7.95015
68,47,7.3901815
72,47,7.3132205
73,47,9.2163229
86,47,8.3829756
91,47,9.0426311
93,47,7.9665866
95,47,10.871859
104,47,10.551271
110,47,8.9115295
112,47,9.2989006
139,47,11.24724
175,47,11.333177
48,48,4.6728287
49,48,4.1190372
50,48,5.0751739
51,48,7.8634591
52,48,7.8497138
53,48,7.9244342
55,48,7.1467724
56,48,7.0475173
58,48,7.5096092
60,48,6.6450911
63,48,7.2502804
64,48,7.097549
68,48,7.3479438
72,48,7.2513452
73,48,9.2160244
86,48,8.2940493
91,48,8.6828766
93,48,7.8674884
95,48,10.856631
104,48,10.493937
110,48,8.887929
112,48,9.2103405
139,48,11.245164
175,48,11.311495
49,49,2.2512918
50,49,4.1896548
51,49,7.4753389
52,49,4.0943446
53,49,7.4558768
55,49,7.1420364
56,49,7.0457764
58,49,7.3421316
60,49,6.5482192
63,49,7.077076
64,49,7.0544496
68,49,7.133296
72,49,7.2477927
73,49,9.1027555
86,49,8.2604933
91,49,8.6752224
93,49,7.8091354
95,49,10.822774
104,49,10.406533
110,49,8.8775215
112,49,9.2071352
139,49,11.147988
175,49,11.245098
50,50,2.7080503
51,50,6.8849983
52,50,3.4339871
53,50,7.4471684
55,50,6.81564
56,50,6.6240649
58,50,7.2359791
60,50,6.5294189
63,50,7.0501227
64,50,6.9791451
68,50,6.828712
72,50,7.21524
73,50,9.0446396
86,50,8.1016779
91,50,8.5295172
93,50,7.7890406
95,50,10.794932
104,50,10.38579
110,50,8.8766842
112,50,9.2027111
139,50,11.139133
175,50,11.15316
51,51,6.6463904
52,51,2.8332133
53,51,7.3771338
55,51,6.5875502
56,51,6.1984787
58,51,6.9353704
60,51,6.3969297
63,51,6.9353704
64,51,6.9726062
68,51,6.7627296
72,51,7.1220598
73,51,8.9065294
86,51,7.8240461
91,51,8.5219812
93,51,7.7672639
95,51,10.79107
104,51,10.334166
110,51,8.8264408
112,51,9.1958361
139,51,11.09223
175,51,11.041769
52,52,1.7917594
53,52,7.1388669
55,52,6.4488893
56,52,5.9135032
58,52,6.835722
60,52,6.3368258
63,52,6.8297939
64,52,6.9411902
68,52,6.6567264
72,52,6.8783264
73,52,8.8444805
86,52,7.7292957
91,52,8.4904385
93,52,7.7488914
95,52,10.765533
104,52,10.245551
110,52,8.7629585
112,52,9.1948204
139,52,10.977926
175,52,10.926891
53,53,4.4308167
55,53,6.2897158
56,53,4.6249728
58,53,6.3013973
60,53,6.2952662
63,53,6.8023949
64,53,6.8023949
68,53,6.6187391
72,53,6.338594
73,53,8.8061247
86,53,7.7070627
91,53,8.3633423
93,53,7.6975756
95,53,10.753809
104,53,10.144392
110,53,8.6845703
112,53,9.1534529
139,53,10.959418
175,53,10.91181
55,54,5.4553213
56,54,4.4659081
58,54,7.130899
60,54,5.7990928
63,54,6.7458243
64,54,6.6821089
68,54,6.6025877
72,54,6.2785215
73,54,8.7387352
86,54,7.698483
91,54,8.275631
93,54,7.662468
95,54,10.721195
104,54,10.115893
110,54,8.6784611
112,54,9.1442003
139,54,10.958009
175,54,10.763208
55,55,4.882802
56,55,3.9512436
58,55,6.1580377
60,55,5.3327188
63,55,6.6682281
64,55,6.182085
68,55,6.3350544
72,55,6.1377273
73,55,8.7295589
86,55,7.6009026
91,55,8.2128401
93,55,7.6496925
95,55,10.706699
104,55,10.096172
110,55,8.653471
112,55,9.1436663
139,55,10.863987
175,55,10.720333
56,56,3.4011974
58,56,6.1355648
60,56,5.1357985
63,56,6.5257626
64,56,5.9964519
68,56,6.20859
72,56,6.0234475
73,56,8.5269451
86,56,7.5908523
91,56,8.2033043
93,56,7.6391611
95,56,10.701242
104,56,10.067815
110,56,8.6450586
112,56,8.922658
139,56,10.749956
175,56,10.714417
58,57,5.4351764
60,57,3.9702919
63,57,6.4731188
64,57,5.6240177
68,57,6.1484685
72,57,5.7037826
73,57,8.509161
86,57,7.5595593
91,57,8.1432266
93,57,7.6270576
95,57,10.659445
104,57,10.042466
110,57,8.640295
112,57,8.9044943
139,57,10.739219
175,57,10.66151
58,58,2.3025851
60,58,3.4011974
63,58,6.4101748
64,58,5.3936276
68,58,6.0450053
73,58,8.1593752
86,58,7.5390272
91,58,8.0919333
93,58,7.4342575
95,58,10.438489
104,58,9.9834538
110,58,8.6399412
112,58,8.883502
139,58,10.631809
175,58,10.488047
60,59,2.3978953
63,59,6.3377104
64,59,5.2040067
68,59,5.4553213
72,59,5.4249501
73,59,8.1306477
86,59,7.426549
91,59,7.9021173
93,59,7.3065314
95,59,10.413373
104,59,9.888526
110,59,8.5947094
112,59,8.8035746
139,59,10.592627
175,59,10.419122
60,60,1.7917594
63,60,6.2146082
64,60,4.5108595
68,60,5.4161005
72,60,5.0106354
73,60,8.1229649
86,60,7.4169798
91,60,7.8115683
93,60,7.2612252
95,60,10.287899
104,60,9.8776054
110,60,8.5829811
112,60,8.7028427
139,60,10.582561
175,60,10.348173
63,61,5.8522024
64,61,4.1588831
68,61,5.267858
72,61,4.9904327
73,61,8.012681
86,61,7.194437
91,61,7.6396422
93,61,7.2570028
95,61,10.191182
104,61,9.8718939
110,61,8.5077486
112,61,8.6869364
139,61,10.536487
175,61,10.325417
63,62,5.2882671
64,62,3.8066626
68,62,5.2257466
72,62,4.6634393
73,62,8.0016899
86,62,7.134891
91,62,7.6338534
93,62,7.2291141
95,62,10.176601
104,62,9.799016
110,62,8.5022821
112,62,8.6735125
139,62,10.523338
175,62,10.306082
63,63,5.2257466
64,63,2.9957323
68,63,5.1532917
72,63,4.5538769
73,63,7.971776
86,63,7.1284962
91,63,7.5878172
93,63,7.2225661
95,63,10.124188
104,63,9.763133
110,63,8.466321
112,63,8.6697426
139,63,10.51366
175,63,10.276223
64,64,1.7917595
68,64,4.919981
72,64,4.3174882
73,64,7.8516612
86,64,7.1147695
91,64,7.5755849
93,64,7.2108183
95,64,10.066627
104,64,9.7067423
110,64,8.4595642
112,64,8.6139565
139,64,10.511893
175,64,10.267714
68,65,4.8040209
72,65,4.0943446
73,65,7.6458759
86,65,7.0934048
91,65,7.4730692
93,65,7.1252832
95,65,10.048713
104,65,9.5063629
110,65,8.430109
112,65,8.5952644
139,65,10.461159
175,65,10.250511
68,66,4.4543471
72,66,3.9889841
73,66,7.495542
86,66,7.072422
91,66,7.3677087
93,66,7.0900769
95,66,10.028886
104,66,9.4539919
110,66,8.4270496
112,66,8.5103703
139,66,10.38961
175,66,10.23405
68,67,4.4308167
72,67,3.7841897
73,67,7.4324837
86,67,7.0509896
91,67,7.3447189
93,67,7.0308576
95,67,9.9967499
104,67,9.3842936
110,67,8.2728262
112,67,8.5032969
139,67,10.374179
175,67,10.216984
68,68,2.3025851
72,68,3.2958369
73,68,7.420579
86,68,6.9985094
91,68,7.1701198
93,68,6.9772816
95,68,9.9344044
104,68,9.2059307
110,68,8.2532272
112,68,8.4429007
139,68,10.318309
175,68,10.216069
72,69,3.2580965
73,69,6.8511848
86,69,6.9536843
91,69,7.1276937
93,69,6.9754138
95,69,9.8586998
104,69,9.0776091
110,69,8.2337685
112,69,8.4407444
139,69,10.308519
175,69,10.215228
72,70,3.1780539
73,70,6.6567264
86,70,6.7499313
91,70,7.04316
93,70,6.9246125
95,70,9.8449574
104,70,9.0680857
110,70,8.1922941
112,70,8.3818312
139,70,10.28875
175,70,10.181119
72,71,2.5649493
73,71,6.5792513
86,71,6.6846118
91,71,6.9565454
93,71,6.7627296
95,71,9.6956635
104,71,9.0632315
110,71,8.1455498
112,71,8.3710108
139,71,10.238781
175,71,10.157781
72,72,1.7917594
73,72,4.6151204
86,72,6.338594
91,72,6.8977051
93,72,6.7093043
95,72,9.6391964
104,72,9.0244923
110,72,8.0532513
112,72,8.3612413
139,72,10.230054
175,72,10.143449
73,73,3.6888795
86,73,6.300786
91,73,6.8762646
93,73,6.650279
95,73,9.5625458
104,73,8.9961567
110,73,7.9946322
112,73,8.3428402
139,73,10.178161
175,73,10.131897
86,74,6.1675167
91,74,6.856462
93,74,6.6385679
95,74,9.5275574
104,74,8.9577684
110,74,7.969358
112,74,8.3380661
139,74,10.176678
175,74,10.123345
86,75,6.0799332
91,75,6.7889719
93,75,6.6372581
95,75,9.4983721
104,75,8.9282427
110,75,7.9679732
112,75,8.3064718
139,75,10.174125
175,75,10.071203
86,76,5.8464389
91,76,6.7238326
93,76,6.5764694
95,76,9.4368382
104,76,8.9081535
110,76,7.8879595
112,76,8.1590891
139,76,10.144471
175,76,9.9733868
86,77,5.7990928
91,77,6.612041
93,77,6.4661446
95,77,9.3462687
104,77,8.8080702
110,77,7.8216434
112,77,8.1524858
139,77,10.098231
175,77,9.9395781
86,78,5.2983174
91,78,6.4614682
93,78,6.4248691
95,78,9.1854324
104,78,8.6681957
110,78,7.805882
112,78,8.1332941
139,78,10.032145
175,78,9.8832846
86,79,5.1704841
91,79,6.3969297
93,79,6.1779442
95,79,9.0183325
104,79,8.5506277
110,79,7.731492
112,79,8.0758934
139,79,9.9571705
175,79,9.8750877
86,80,5.0369525
91,80,6.3801227
93,80,6.0822191
95,80,8.9860716
104,80,8.4409599
110,80,7.5842648
112,80,8.012681
139,80,9.9020367
175,80,9.8651628
86,81,4.4543471
91,81,6.2363696
93,81,6.0684257
95,81,8.8815584
104,81,8.4392319
110,81,7.5299435
112,81,8.0063677
139,81,9.8931847
175,81,9.8009567
86,82,4.1743875
91,82,6.1841488
93,82,5.9135032
95,82,8.5835428
104,82,8.1886892
110,82,7.527256
139,82,9.7877398
175,82,9.778264
86,83,3.9120228
91,83,6.1612072
93,83,5.7620516
95,83,8.566555
104,83,8.1803207
110,83,7.5240216
112,83,7.8984113
139,83,9.7734928
175,83,9.7660627
91,84,6.075346
93,84,5.5984221
95,84,8.5411053
104,84,8.1622314
110,84,7.4524026
112,84,7.8826923
139,84,9.7488785
175,84,9.7556829
86,85,3.3672957
91,85,5.7838254
93,85,5.5606818
95,85,8.4510536
104,85,8.1332941
110,85,7.3356338
112,85,7.8559322
139,85,9.7474184
175,85,9.671051
86,86,3.2188756
91,86,5.1239638
93,86,5.4510384
95,86,8.1161184
104,86,8.0043659
110,86,7.3018222
112,86,7.8367648
139,86,9.7429667
175,86,9.6689034
91,87,4.9698133
93,87,5.3423343
95,87,8.0063677
104,87,7.9969902
110,87,7.2997975
112,87,7.7625961
139,87,9.6117973
175,87,9.6229134
91,88,4.0943446
93,88,5.1416636
95,88,7.9990072
104,88,7.8648038
110,88,7.2413664
112,88,7.7231202
139,88,9.6058226
175,88,9.6131353
91,89,3.3672957
93,89,5.0106354
95,89,7.9427176
104,89,7.4558768
110,89,7.2093401
112,89,7.6367521
139,89,9.5154696
175,89,9.6020441
91,90,2.4849067
93,90,4.3307333
95,90,7.5771217
104,90,7.4175806
110,90,7.1276937
112,90,7.5817199
139,90,9.512517
175,90,9.5856209
91,91,0
93,91,4.0943446
95,91,7.4679422
104,91,7.377759
110,91,7.0290875
112,91,7.5755849
139,91,9.4727049
175,91,9.5614195
104,92,7.0570369
110,92,6.779922
112,92,7.4377952
139,92,9.260273
175,92,9.4158897
93,93,1.6094379
95,93,7.1701198
104,93,6.9117475
110,93,6.5820251
112,93,7.3858509
139,93,9.2444515
175,93,9.4118929
95,94,6.6240649
104,94,6.8855095
110,94,6.5624442
112,94,7.2100797
139,94,9.2400932
175,94,9.4012909
95,95,6.5792513
104,95,6.8511848
110,95,6.2766433
112,95,7.2041492
139,95,9.1860476
175,95,9.388319
104,96,6.5539336
110,96,6.2402759
112,96,7.192934
139,96,9.1323786
175,96,9.2533998
104,97,6.5395861
110,97,6.1800165
112,97,7.1115122
139,97,9.1023092
175,97,9.2330799
104,98,6.3767271
110,98,5.971262
112,98,7.0509896
139,98,9.0998554
175,98,9.2247362
104,99,6.0844994
110,99,5.8971539
112,99,7.0030656
139,99,9.0981789
175,99,9.2050266
104,100,5.9914646
110,100,5.8861041
112,100,6.9077554
139,100,9.0710783
175,100,9.0948172
104,101,5.857933
110,101,5.8406415
112,101,6.8762646
139,101,9.0122557
175,101,9.0583544
104,102,5.6383548
110,102,5.5909872
112,102,6.568078
139,102,8.9494953
175,102,9.0034389
104,103,5.5834961
110,103,5.5759492
112,103,6.5467854
139,103,8.898366
175,103,8.9885712
104,104,5.2149358
110,104,5.4930615
112,104,6.2989492
139,104,8.8884811
175,104,8.9823103
110,105,4.7957907
112,105,6.2146082
139,105,8.8866854
175,105,8.9489756
110,106,4.5538769
112,106,6.1484685
139,106,8.8424597
175,106,8.9472857
110,107,4.1108737
112,107,5.8861041
139,107,8.6159515
175,107,8.9372187
110,108,4.0943446
112,108,5.8348107
139,108,8.607399
175,108,8.9146261
110,109,3.871201
112,109,5.556828
139,109,8.4416075
175,109,8.8365192
110,110,2.3025851
112,110,5.1239638
139,110,8.3827467
175,110,8.8092651
112,111,4.9904327
139,111,8.1605186
175,111,8.7795572
112,112,4.3174882
139,112,8.1089239
175,112,8.7705946
139,113,8.1016779
175,113,8.7554226
139,114,8.0709057
175,114,8.7281017
139,115,7.7437034
175,115,8.7185001
139,116,7.4465852
175,116,8.6961756
139,117,7.2384968
175,117,8.6520739
139,118,7.2211051
175,118,8.6184855
139,119,6.9087548
175,119,8.5301094
139,120,6.9077554
175,120,8.4465561
139,121,6.8575139
175,121,8.4322891
139,122,6.4134588
175,122,8.3228798
139,123,6.3207684
175,123,8.3064718
139,124,6.2971091
175,124,8.2356253
139,125,6.2915692
175,125,8.2247
139,126,5.8861041
175,126,8.2212105
175,127,8.2022085
139,128,5.6240177
175,128,8.1997385
139,129,5.6094718
175,129,8.1886892
139,130,5.556828
175,130,8.1735754
139,131,5.4293456
175,131,8.1268139
139,132,5.2983174
175,132,8.0808563
139,133,5.1984968
175,133,8.0746489
139,134,5.1647859
175,134,8.0439844
139,135,4.7874918
175,135,8.0420561
139,136,4.3820267
175,136,7.9875245
175,137,7.9841218
139,138,3.9889841
175,138,7.8605709
139,139,2.3978953
175,139,7.7832241
175,140,7.7706451
175,141,7.6463537
175,142,7.5071411
175,143,7.495542
175,144,7.478735
175,145,7.448916
175,146,7.4042792
175,147,7.374629
175,148,7.3408356
175,149,7.3238306
175,150,7.1388669
175,151,7.130899
175,152,7.0900769
175,153,7.0509896
175,154,7.0210838
175,155,7.0012455
175,156,6.9469762
175,157,6.9167151
175,158,6.8543544
175,159,6.8068295
175,160,6.8023949
175,161,6.4738908
175,162,6.3902407
175,163,6.3526292
175,164,6.2989492
175,165,6.1654177
175,166,5.8260002
175,167,5.8230457
175,168,5.602119
175,169,5.5909872
175,170,5.3565865
175,171,5.1817837
175,172,5.1357985
175,173,5.0751739
175,174,4.1588831
175,175,3.2188756
